{"timestamp":"2023-07-27T19:44:05.417499021Z","SensorID":731,"temperature":27.61853040616164}
