{"timestamp":"2023-07-13T01:29:42.651752941Z","SensorID":48,"temperature":27.470478634617457}
