{"timestamp":"2023-07-27T18:51:49.326007012Z","SensorID":499,"temperature":27.462928623020783}
